user_id,lang,ref_link,balance,ref_count,wallet,balance_q,current_task
31015025,ru,https://t.me/b1coin_bot?start=31015025,1250,0,...,350,13
37664386,ru,https://t.me/b1coin_bot?start=37664386,0,0,...,0,0
48543889,ru,https://t.me/b1coin_bot?start=48543889,0,0,...,0,0
52608961,ru,https://t.me/b1coin_bot?start=52608961,200,1,...,0,0
72038379,ru,https://t.me/b1coin_bot?start=72038379,0,0,...,0,0
79890449,ru,https://t.me/b1coin_bot?start=79890449,1050,1,...,350,12
80788588,ru,https://t.me/b1coin_bot?start=80788588,0,0,...,0,0
92536397,ru,https://t.me/b1coin_bot?start=92536397,0,0,...,0,0
92864074,ru,https://t.me/b1coin_bot?start=92864074,200,1,...,0,0
104844766,ru,https://t.me/b1coin_bot?start=104844766,0,0,...,0,0
108794197,ru,https://t.me/b1coin_bot?start=108794197,2400,2,...,350,17
119898427,ru,https://t.me/b1coin_bot?start=119898427,0,0,...,0,0
120182412,ru,https://t.me/b1coin_bot?start=120182412,0,0,...,0,0
121724618,ru,https://t.me/b1coin_bot?start=121724618,2750,5,UQCQ1IjoPLHZiOQBV2gi2a1tT-H4ZReoo8ur8q6Vnj5XpOe6,350,16
122306987,ru,https://t.me/b1coin_bot?start=122306987,0,0,...,0,0
137062483,ru,https://t.me/b1coin_bot?start=137062483,2200,1,UQAf86SLCSxRTrVN1jXxdcdY2aHEqZPMbM707z2mFO2mYT0J,350,17
144433588,ru,https://t.me/b1coin_bot?start=144433588,0,0,...,0,0
147201333,ru,https://t.me/b1coin_bot?start=147201333,400,2,...,0,0
161773933,ru,https://t.me/b1coin_bot?start=161773933,2350,3,...,350,12
185010966,ru,https://t.me/b1coin_bot?start=185010966,1950,1,...,350,12
204205902,ru,https://t.me/b1coin_bot?start=204205902,700,1,...,0,2
214040725,ru,https://t.me/b1coin_bot?start=214040725,1700,0,...,350,17
219328304,ru,https://t.me/b1coin_bot?start=219328304,1600,4,UQBqxOe+rKsslh7DPEU0t9GTHGGnhgZytXsIel84a7Lt_jXe,300,12
231330763,ru,https://t.me/b1coin_bot?start=231330763,0,0,...,0,0
244691775,ru,https://t.me/b1coin_bot?start=244691775,0,0,...,0,0
247972282,ru,https://t.me/b1coin_bot?start=247972282,0,0,...,0,0
249811129,ru,https://t.me/b1coin_bot?start=249811129,400,1,...,0,1
254283575,ru,https://t.me/b1coin_bot?start=254283575,0,0,...,0,0
256447900,ru,https://t.me/b1coin_bot?start=256447900,0,0,...,0,0
256658351,ru,https://t.me/b1coin_bot?start=256658351,0,0,...,0,0
257746365,ru,https://t.me/b1coin_bot?start=257746365,0,0,...,0,0
258374945,ru,https://t.me/b1coin_bot?start=258374945,0,0,...,0,0
258797456,ru,https://t.me/b1coin_bot?start=258797456,0,0,...,0,0
260845747,ru,https://t.me/b1coin_bot?start=260845747,5100,17,...,300,12
277915864,ru,https://t.me/b1coin_bot?start=277915864,200,1,...,0,0
282906439,ru,https://t.me/b1coin_bot?start=282906439,500,0,...,0,3
286281221,ru,https://t.me/b1coin_bot?start=286281221,2150,2,...,350,13
305911495,ru,https://t.me/b1coin_bot?start=305911495,0,0,...,0,0
311948930,ru,https://t.me/b1coin_bot?start=311948930,0,0,...,0,0
326352197,ru,https://t.me/b1coin_bot?start=326352197,200,0,...,0,1
328439942,ru,https://t.me/b1coin_bot?start=328439942,0,0,...,0,0
331801649,ru,https://t.me/b1coin_bot?start=331801649,200,1,...,0,0
334709421,ru,https://t.me/b1coin_bot?start=334709421,0,0,...,0,0
341511082,ru,https://t.me/b1coin_bot?start=341511082,2000,0,...,350,17
343825172,ru,https://t.me/b1coin_bot?start=343825172,0,0,...,0,0
343856822,ru,https://t.me/b1coin_bot?start=343856822,0,0,...,0,0
361236671,ru,https://t.me/b1coin_bot?start=361236671,0,0,...,0,0
367858366,ru,https://t.me/b1coin_bot?start=367858366,0,0,...,0,0
368019136,ru,https://t.me/b1coin_bot?start=368019136,1950,1,UQA8ES54eSYj0avM29Y_XOTlr2-erYNpktTiOIdB0ST2fKAO,350,16
378886507,ru,https://t.me/b1coin_bot?start=378886507,1550,0,...,350,17
381905606,ru,https://t.me/b1coin_bot?start=381905606,2200,0,...,350,16
385831530,ru,https://t.me/b1coin_bot?start=385831530,1750,0,...,350,13
391187847,ru,https://t.me/b1coin_bot?start=391187847,1900,1,...,300,17
398387421,ru,https://t.me/b1coin_bot?start=398387421,0,0,...,0,0
403087781,ru,https://t.me/b1coin_bot?start=403087781,1950,2,...,350,12
404231632,ru,https://t.me/b1coin_bot?start=404231632,3800,8,UQDheWEoqbj8hgMU3Xd3NtXw-T1S2JNpjBJYQuJLzgezcl2M,350,17
404788427,ru,https://t.me/b1coin_bot?start=404788427,1050,1,...,350,17
408792425,ru,https://t.me/b1coin_bot?start=408792425,4800,13,UQDibG10ApOXrKKesAgB7lnatCTELCYCs5537qgsGU-_anp4,350,16
411407896,ru,https://t.me/b1coin_bot?start=411407896,1950,1,...,350,13
411895819,ru,https://t.me/b1coin_bot?start=411895819,0,0,...,0,0
414213587,ru,https://t.me/b1coin_bot?start=414213587,0,0,...,0,0
418520176,ru,https://t.me/b1coin_bot?start=418520176,0,0,...,0,0
420621853,ru,https://t.me/b1coin_bot?start=420621853,0,0,...,0,0
426039848,ru,https://t.me/b1coin_bot?start=426039848,3200,5,...,350,16
427073196,ru,https://t.me/b1coin_bot?start=427073196,0,0,...,0,0
427107156,ru,https://t.me/b1coin_bot?start=427107156,200,0,...,0,1
434173757,ru,https://t.me/b1coin_bot?start=434173757,0,0,...,0,0
435263945,ru,https://t.me/b1coin_bot?start=435263945,0,0,...,0,0
435859945,ru,https://t.me/b1coin_bot?start=435859945,0,0,...,0,0
436789729,ru,https://t.me/b1coin_bot?start=436789729,200,1,UQD5PFAqkqGQhslKs9v12eiSmttEWgtaAYTWe1ITC4fsDeu5,0,0
442782047,ru,https://t.me/b1coin_bot?start=442782047,0,0,...,0,0
445550530,,https://t.me/b1coin_bot?start=445550530,50,0,...,0,0
446952475,ru,https://t.me/b1coin_bot?start=446952475,0,0,...,0,0
448356035,ru,https://t.me/b1coin_bot?start=448356035,0,0,...,0,0
451387377,ru,https://t.me/b1coin_bot?start=451387377,0,0,...,0,0
455469090,ru,https://t.me/b1coin_bot?start=455469090,0,0,...,0,0
463134079,ru,https://t.me/b1coin_bot?start=463134079,0,0,...,0,0
465765096,ru,https://t.me/b1coin_bot?start=465765096,0,0,...,0,0
469051780,ru,https://t.me/b1coin_bot?start=469051780,1900,0,UQBYmtS5tTMR5Rkv1cDxop6m8A6rM6m8H4gdALAui59Zl9Wv,350,19
472394535,ru,https://t.me/b1coin_bot?start=472394535,1250,1,...,350,17
472658322,ru,https://t.me/b1coin_bot?start=472658322,0,0,...,0,0
474132694,ru,https://t.me/b1coin_bot?start=474132694,0,0,...,0,0
477360273,ru,https://t.me/b1coin_bot?start=477360273,1450,3,...,350,12
478503609,ru,https://t.me/b1coin_bot?start=478503609,0,0,...,0,0
478921871,ru,https://t.me/b1coin_bot?start=478921871,2350,3,...,350,13
479272683,ru,https://t.me/b1coin_bot?start=479272683,1650,1,UQDOzdRRAOwclcPwmv2tmvH_V5DbcEBwQGn2n7D5oZrFm8mz,350,13
488926771,ru,https://t.me/b1coin_bot?start=488926771,700,1,...,0,2
491307385,ru,https://t.me/b1coin_bot?start=491307385,900,1,...,0,3
492152555,ru,https://t.me/b1coin_bot?start=492152555,0,0,...,0,0
493043562,ru,https://t.me/b1coin_bot?start=493043562,0,0,...,0,0
502766543,ru,https://t.me/b1coin_bot?start=502766543,200,0,...,0,1
504042918,ru,https://t.me/b1coin_bot?start=504042918,2600,0,UQAZx5tafddW_EDEJI4tRUKdgdQ41M0ieEV-o6AmP657hPdC,350,17
509255102,ru,https://t.me/b1coin_bot?start=509255102,0,0,...,0,0
510400549,ru,https://t.me/b1coin_bot?start=510400549,1950,2,UQC_PxlZt1Xph8H5ymDtLV2kpQIysqD1J0oDTVG4zVlynuYb,350,14
515180082,ru,https://t.me/b1coin_bot?start=515180082,1800,8,UQC5_2oAZbRD3KSFxFcxUDveg6a6vylVH6w3so6uaESPbIGJ,0,1
524366824,ru,https://t.me/b1coin_bot?start=524366824,0,0,...,0,0
530872277,ru,https://t.me/b1coin_bot?start=530872277,0,0,...,0,0
531350897,ru,https://t.me/b1coin_bot?start=531350897,200,0,...,0,1
538784658,ru,https://t.me/b1coin_bot?start=538784658,200,1,UQBO1B_LXKueMUBh6sDP9aj4dITuGkSkjXWNZHOqeAny7UVV,0,0
545094071,ru,https://t.me/b1coin_bot?start=545094071,200,0,...,0,1
554063021,ru,https://t.me/b1coin_bot?start=554063021,0,0,...,0,0
554531639,ru,https://t.me/b1coin_bot?start=554531639,0,0,...,0,0
555063604,,https://t.me/b1coin_bot?start=555063604,50,0,...,0,0
558541521,ru,https://t.me/b1coin_bot?start=558541521,2350,3,UQBSK0XvSqeAgcWNUtqltA9oexMTUZsDynWq1rqHaMBjyvWl,350,14
562494429,ru,https://t.me/b1coin_bot?start=562494429,800,1,...,100,6
573851144,ru,https://t.me/b1coin_bot?start=573851144,900,1,...,0,3
575391180,ru,https://t.me/b1coin_bot?start=575391180,200,1,...,0,0
581095897,ru,https://t.me/b1coin_bot?start=581095897,3200,5,...,350,17
583490408,,https://t.me/b1coin_bot?start=583490408,50,0,...,0,0
609413458,,https://t.me/b1coin_bot?start=609413458,50,0,...,0,0
609496670,ru,https://t.me/b1coin_bot?start=609496670,2350,1,UQBMryAwfy1wTmu1ax9o7K6RPFkjzZj6JZV_D4V6yjd2oICn,300,17
613576899,ru,https://t.me/b1coin_bot?start=613576899,0,0,...,0,0
616706758,ru,https://t.me/b1coin_bot?start=616706758,0,0,...,0,0
618095606,ru,https://t.me/b1coin_bot?start=618095606,0,0,...,0,0
619976272,ru,https://t.me/b1coin_bot?start=619976272,1650,1,...,350,12
620482055,ru,https://t.me/b1coin_bot?start=620482055,0,0,...,0,0
628699075,ru,https://t.me/b1coin_bot?start=628699075,2250,2,UQBJO--4p2jA0f8OwWfFEaDmd6O1uroUQi_UC2NtB1tgsvWI,300,14
639935884,ru,https://t.me/b1coin_bot?start=639935884,2350,3,UQB1DDtIuWfKwZolHiyHDCihFLcb9rhVWmswdBQkBeTt7LU2,350,17
658292214,ru,https://t.me/b1coin_bot?start=658292214,1050,1,UQCgcE-LoY3ZeKReW6MitjRXuoaj2OT2ZAiZ4mIT3llURONA,350,17
663490067,ru,https://t.me/b1coin_bot?start=663490067,0,0,...,0,0
666878258,ru,https://t.me/b1coin_bot?start=666878258,0,0,...,0,0
672351482,ru,https://t.me/b1coin_bot?start=672351482,0,0,...,0,0
694630556,ru,https://t.me/b1coin_bot?start=694630556,1750,1,UQCxoX9APG6NcIPmD_RayR5qWQpLaMTdfBBtStyIVq4-Lj2b,350,17
698092730,ru,https://t.me/b1coin_bot?start=698092730,0,0,...,0,0
700193519,ru,https://t.me/b1coin_bot?start=700193519,0,0,...,0,0
700608341,,https://t.me/b1coin_bot?start=700608341,0,0,...,0,0
706771015,ru,https://t.me/b1coin_bot?start=706771015,0,0,...,0,0
721572048,ru,https://t.me/b1coin_bot?start=721572048,0,0,...,0,0
735199923,,https://t.me/b1coin_bot?start=735199923,50,0,...,0,0
736133851,ru,https://t.me/b1coin_bot?start=736133851,500,0,...,0,2
737691383,ru,https://t.me/b1coin_bot?start=737691383,0,0,...,0,0
739385042,ru,https://t.me/b1coin_bot?start=739385042,2300,4,UQAzEM_KBtlKg4hQMydFhS5FVbiFHFkn_GmSSpIXvatXOeJ8,350,16
742721055,,https://t.me/b1coin_bot?start=742721055,50,0,...,0,0
752989873,ru,https://t.me/b1coin_bot?start=752989873,0,0,...,0,0
753537417,ru,https://t.me/b1coin_bot?start=753537417,200,1,...,0,0
774847328,ru,https://t.me/b1coin_bot?start=774847328,2150,1,UQDYjAupLTnjLcQCIgohV7Zw-1nW-6KjhV9NsGjNqtG2HpOB,300,17
781095253,ru,https://t.me/b1coin_bot?start=781095253,0,0,...,0,0
784575243,,https://t.me/b1coin_bot?start=784575243,50,0,...,0,0
795931670,ru,https://t.me/b1coin_bot?start=795931670,0,0,...,0,0
804901118,ru,https://t.me/b1coin_bot?start=804901118,0,0,...,0,0
807596567,ru,https://t.me/b1coin_bot?start=807596567,0,0,...,0,0
810375221,ru,https://t.me/b1coin_bot?start=810375221,0,0,...,0,0
823173690,ru,https://t.me/b1coin_bot?start=823173690,900,2,...,0,2
826604230,ru,https://t.me/b1coin_bot?start=826604230,2400,1,UQCoTYhrQfCGwZ0pIIQgbfmA_84RnPq6ld_TBNy2NSwmjAHu,350,17
831292223,ru,https://t.me/b1coin_bot?start=831292223,0,0,...,0,0
848847473,ru,https://t.me/b1coin_bot?start=848847473,0,0,...,0,0
857736699,ru,https://t.me/b1coin_bot?start=857736699,0,0,...,0,0
859483166,ru,https://t.me/b1coin_bot?start=859483166,0,0,...,0,0
861249124,ru,https://t.me/b1coin_bot?start=861249124,2150,2,...,350,16
864908108,ru,https://t.me/b1coin_bot?start=864908108,2600,13,...,0,0
867991435,,https://t.me/b1coin_bot?start=867991435,50,0,...,0,0
869387959,ru,https://t.me/b1coin_bot?start=869387959,0,0,...,0,0
870902389,ru,https://t.me/b1coin_bot?start=870902389,2100,1,...,350,17
872335055,ru,https://t.me/b1coin_bot?start=872335055,500,0,...,0,2
881161279,ru,https://t.me/b1coin_bot?start=881161279,0,0,...,0,0
885775374,ru,https://t.me/b1coin_bot?start=885775374,2450,5,...,350,17
888855309,ru,https://t.me/b1coin_bot?start=888855309,1550,0,UQB22s512sImK1LRbx5uPOHDfLqUWy5KZJRC7khZod60yO7v,350,13
896544910,ru,https://t.me/b1coin_bot?start=896544910,0,0,...,0,0
898012406,ru,https://t.me/b1coin_bot?start=898012406,0,0,...,0,0
901161639,ru,https://t.me/b1coin_bot?start=901161639,1050,1,...,350,17
906157370,ru,https://t.me/b1coin_bot?start=906157370,0,0,...,0,0
917165075,,https://t.me/b1coin_bot?start=917165075,1050,4,...,0,1
922127893,ru,https://t.me/b1coin_bot?start=922127893,400,1,...,0,1
924268707,ru,https://t.me/b1coin_bot?start=924268707,0,0,...,0,0
928532588,,https://t.me/b1coin_bot?start=928532588,50,0,...,0,0
937603935,ru,https://t.me/b1coin_bot?start=937603935,0,0,...,0,0
957210672,ru,https://t.me/b1coin_bot?start=957210672,2600,2,UQC9eWYd6q14n4wZ0x9iFn546lyZgJOy_KoXwznPS20mgPqS,350,16
975691854,ru,https://t.me/b1coin_bot?start=975691854,0,0,...,0,0
976663320,ru,https://t.me/b1coin_bot?start=976663320,0,0,...,0,0
984468901,ru,https://t.me/b1coin_bot?start=984468901,0,0,...,0,0
989086858,,https://t.me/b1coin_bot?start=989086858,50,0,...,0,0
989845729,ru,https://t.me/b1coin_bot?start=989845729,0,0,...,0,0
990125958,ru,https://t.me/b1coin_bot?start=990125958,1050,0,...,350,17
1006362205,ru,https://t.me/b1coin_bot?start=1006362205,0,0,...,0,0
1011700290,ru,https://t.me/b1coin_bot?start=1011700290,0,0,...,0,0
1034331747,ru,https://t.me/b1coin_bot?start=1034331747,200,0,...,0,1
1041601138,ru,https://t.me/b1coin_bot?start=1041601138,0,0,...,0,0
1041822871,ru,https://t.me/b1coin_bot?start=1041822871,2350,3,...,350,12
1060808415,ru,https://t.me/b1coin_bot?start=1060808415,0,0,...,0,0
1061493134,ru,https://t.me/b1coin_bot?start=1061493134,0,0,...,0,0
1063114011,ru,https://t.me/b1coin_bot?start=1063114011,200,1,...,0,0
1063727049,ru,https://t.me/b1coin_bot?start=1063727049,1400,7,...,0,0
1066026854,ru,https://t.me/b1coin_bot?start=1066026854,4400,15,UQDAhsWx83L5usgrqIIbEmYs9_dum718hHQDIeqO1OqDu6Ph,350,17
1083361112,,https://t.me/b1coin_bot?start=1083361112,50,0,...,0,0
1084449265,ru,https://t.me/b1coin_bot?start=1084449265,200,1,...,0,0
1106166041,,https://t.me/b1coin_bot?start=1106166041,50,0,...,0,0
1109124895,ru,https://t.me/b1coin_bot?start=1109124895,0,0,...,0,0
1109950241,ru,https://t.me/b1coin_bot?start=1109950241,0,0,...,0,0
1125968220,ru,https://t.me/b1coin_bot?start=1125968220,0,0,...,0,0
1128440187,ru,https://t.me/b1coin_bot?start=1128440187,200,0,...,0,1
1129293641,ru,https://t.me/b1coin_bot?start=1129293641,0,0,...,0,0
1146337204,,https://t.me/b1coin_bot?start=1146337204,50,0,...,0,0
1151345183,ru,https://t.me/b1coin_bot?start=1151345183,0,0,...,0,0
1153620556,ru,https://t.me/b1coin_bot?start=1153620556,0,0,...,0,0
1164139460,ru,https://t.me/b1coin_bot?start=1164139460,0,0,...,0,0
1166869573,ru,https://t.me/b1coin_bot?start=1166869573,200,0,...,0,1
1169287501,ru,https://t.me/b1coin_bot?start=1169287501,0,0,...,0,0
1181642386,ru,https://t.me/b1coin_bot?start=1181642386,0,0,...,0,0
1183849034,ru,https://t.me/b1coin_bot?start=1183849034,0,0,...,0,0
1186630965,ru,https://t.me/b1coin_bot?start=1186630965,0,0,...,0,0
1187370901,ru,https://t.me/b1coin_bot?start=1187370901,0,0,...,0,0
1193975192,ru,https://t.me/b1coin_bot?start=1193975192,1650,2,UQAgoe4zpBT-RTr6h-AFdTxOLHRcQHggpjNDr6h_9LuxKBss,300,16
1201048769,ru,https://t.me/b1coin_bot?start=1201048769,200,0,...,0,1
1202973594,ru,https://t.me/b1coin_bot?start=1202973594,0,0,...,0,0
1213517067,ru,https://t.me/b1coin_bot?start=1213517067,850,0,...,350,17
1214308089,ru,https://t.me/b1coin_bot?start=1214308089,21000,100,UQAiPIaBtNhbx0_J-JMB2cyeJQAux2GO8mbdm4mYPJMnlHX2,300,17
1233624778,ru,https://t.me/b1coin_bot?start=1233624778,0,0,...,0,0
1238335506,,https://t.me/b1coin_bot?start=1238335506,50,0,...,0,0
1240891292,ru,https://t.me/b1coin_bot?start=1240891292,700,1,...,0,3
1248723675,,https://t.me/b1coin_bot?start=1248723675,50,0,...,0,0
1289226146,ru,https://t.me/b1coin_bot?start=1289226146,0,0,...,0,0
1290737947,,https://t.me/b1coin_bot?start=1290737947,50,0,...,0,0
1313383486,,https://t.me/b1coin_bot?start=1313383486,50,0,...,0,0
1326400859,ru,https://t.me/b1coin_bot?start=1326400859,0,0,...,0,0
1347314342,,https://t.me/b1coin_bot?start=1347314342,50,0,...,0,0
1350770216,ru,https://t.me/b1coin_bot?start=1350770216,0,0,...,0,0
1379207542,ru,https://t.me/b1coin_bot?start=1379207542,2250,4,UQBn0Jc48h20q5fQM-FBpYGe6MM6hfZZlsp_TmjkcvqCLVFv,350,13
1394524052,ru,https://t.me/b1coin_bot?start=1394524052,400,2,...,0,0
1396241578,ru,https://t.me/b1coin_bot?start=1396241578,0,0,...,0,0
1399099887,,https://t.me/b1coin_bot?start=1399099887,50,0,...,0,0
1413324874,ru,https://t.me/b1coin_bot?start=1413324874,0,0,...,0,0
1432511040,ru,https://t.me/b1coin_bot?start=1432511040,0,0,...,0,0
1444490424,ru,https://t.me/b1coin_bot?start=1444490424,0,0,...,0,0
1466770078,,https://t.me/b1coin_bot?start=1466770078,50,0,...,0,0
1475855356,ru,https://t.me/b1coin_bot?start=1475855356,1050,0,...,350,12
1490366194,,https://t.me/b1coin_bot?start=1490366194,50,0,...,0,0
1493499264,,https://t.me/b1coin_bot?start=1493499264,50,0,...,0,0
1514293067,ru,https://t.me/b1coin_bot?start=1514293067,0,0,...,0,0
1529056509,ru,https://t.me/b1coin_bot?start=1529056509,1750,0,...,350,12
1538501012,ru,https://t.me/b1coin_bot?start=1538501012,0,0,...,0,0
1542875075,ru,https://t.me/b1coin_bot?start=1542875075,0,0,...,0,0
1551416568,ru,https://t.me/b1coin_bot?start=1551416568,0,0,...,0,0
1595636852,ru,https://t.me/b1coin_bot?start=1595636852,0,0,...,0,0
1606425800,ru,https://t.me/b1coin_bot?start=1606425800,200,0,...,0,1
1624368319,ru,https://t.me/b1coin_bot?start=1624368319,0,0,...,0,0
1633650300,ru,https://t.me/b1coin_bot?start=1633650300,0,0,...,0,0
1637288274,ru,https://t.me/b1coin_bot?start=1637288274,0,0,...,0,0
1650769466,ru,https://t.me/b1coin_bot?start=1650769466,700,1,UQC8hvsgd06xOUvD-sfYMi4MUXidVbnF9rWjZ0Nq-1gQdVEe,0,2
1651691650,ru,https://t.me/b1coin_bot?start=1651691650,500,0,...,0,2
1659304391,ru,https://t.me/b1coin_bot?start=1659304391,0,0,...,0,0
1661454487,,https://t.me/b1coin_bot?start=1661454487,50,0,...,0,0
1668306632,ru,https://t.me/b1coin_bot?start=1668306632,0,0,...,0,0
1671263699,ru,https://t.me/b1coin_bot?start=1671263699,0,0,...,0,0
1675998704,ru,https://t.me/b1coin_bot?start=1675998704,2800,13,...,0,1
1677612789,,https://t.me/b1coin_bot?start=1677612789,0,0,...,0,0
1694212329,,https://t.me/b1coin_bot?start=1694212329,50,0,...,0,0
1725058226,ru,https://t.me/b1coin_bot?start=1725058226,200,1,...,0,0
1726498324,ru,https://t.me/b1coin_bot?start=1726498324,0,0,...,0,0
1733940643,ru,https://t.me/b1coin_bot?start=1733940643,0,0,...,0,0
1735563739,,https://t.me/b1coin_bot?start=1735563739,50,0,...,0,0
1745282267,ru,https://t.me/b1coin_bot?start=1745282267,0,0,...,0,0
1759041479,ru,https://t.me/b1coin_bot?start=1759041479,0,0,...,0,0
1762131118,ru,https://t.me/b1coin_bot?start=1762131118,0,0,...,0,0
1775173446,,https://t.me/b1coin_bot?start=1775173446,50,0,...,0,0
1802856362,ru,https://t.me/b1coin_bot?start=1802856362,500,0,...,0,3
1820743866,,https://t.me/b1coin_bot?start=1820743866,50,0,...,0,0
1839825275,,https://t.me/b1coin_bot?start=1839825275,50,0,...,0,0
1856462269,ru,https://t.me/b1coin_bot?start=1856462269,0,0,...,0,0
1876720761,ru,https://t.me/b1coin_bot?start=1876720761,0,0,...,0,0
1877762315,ru,https://t.me/b1coin_bot?start=1877762315,0,0,...,0,0
1880508030,,https://t.me/b1coin_bot?start=1880508030,50,0,...,0,0
1894064777,ru,https://t.me/b1coin_bot?start=1894064777,200,1,...,0,0
1908728367,ru,https://t.me/b1coin_bot?start=1908728367,200,0,UQCuMBe5tZiwfbn6YPt0g61r16hXFf4hW8kDliw5xQQ1FXLL,0,1
1933434576,ru,https://t.me/b1coin_bot?start=1933434576,1150,0,...,350,17
1939411979,ru,https://t.me/b1coin_bot?start=1939411979,500,0,...,0,3
1939562794,ru,https://t.me/b1coin_bot?start=1939562794,200,0,...,0,1
1948226117,ru,https://t.me/b1coin_bot?start=1948226117,0,0,...,0,0
1961008480,,https://t.me/b1coin_bot?start=1961008480,50,0,...,0,0
1978330339,ru,https://t.me/b1coin_bot?start=1978330339,0,0,...,0,0
1981737729,ru,https://t.me/b1coin_bot?start=1981737729,0,0,...,0,0
1987546468,ru,https://t.me/b1coin_bot?start=1987546468,0,0,...,0,0
2010316433,ru,https://t.me/b1coin_bot?start=2010316433,0,0,...,0,0
2043185750,ru,https://t.me/b1coin_bot?start=2043185750,0,0,...,0,0
2043264653,,https://t.me/b1coin_bot?start=2043264653,50,0,...,0,0
2085026510,ru,https://t.me/b1coin_bot?start=2085026510,0,0,...,0,0
2100496900,,https://t.me/b1coin_bot?start=2100496900,50,0,...,0,0
2109744657,ru,https://t.me/b1coin_bot?start=2109744657,0,0,...,0,0
2115994701,,https://t.me/b1coin_bot?start=2115994701,50,0,...,0,0
5001027411,ru,https://t.me/b1coin_bot?start=5001027411,0,0,...,0,0
5005707507,,https://t.me/b1coin_bot?start=5005707507,50,0,...,0,0
5011104885,ru,https://t.me/b1coin_bot?start=5011104885,1200,5,UQCDw_qWbUUTAnxdb3eIqqvmv6nUQH4RcRQmCsbgwchmi48q,0,1
5015716999,,https://t.me/b1coin_bot?start=5015716999,50,0,...,0,0
5041256993,,https://t.me/b1coin_bot?start=5041256993,50,0,...,0,0
5045336123,ru,https://t.me/b1coin_bot?start=5045336123,0,0,...,0,0
5063696074,ru,https://t.me/b1coin_bot?start=5063696074,0,0,...,0,0
5067983709,ru,https://t.me/b1coin_bot?start=5067983709,0,0,...,0,0
5100373117,ru,https://t.me/b1coin_bot?start=5100373117,200,1,...,0,0
5110926146,ru,https://t.me/b1coin_bot?start=5110926146,500,0,...,0,3
5120280225,ru,https://t.me/b1coin_bot?start=5120280225,0,0,...,0,0
5124472785,,https://t.me/b1coin_bot?start=5124472785,50,0,...,0,0
5131532714,,https://t.me/b1coin_bot?start=5131532714,50,0,...,0,0
5140090635,ru,https://t.me/b1coin_bot?start=5140090635,0,0,...,0,0
5144444581,ru,https://t.me/b1coin_bot?start=5144444581,0,0,...,0,0
5154534910,ru,https://t.me/b1coin_bot?start=5154534910,0,0,...,0,0
5157185290,ru,https://t.me/b1coin_bot?start=5157185290,0,0,...,0,0
5162718586,ru,https://t.me/b1coin_bot?start=5162718586,1650,0,UQDMuw35kroc6glWs9dPvbX1v1rrokc33KTddZRpbpwAGu8B,350,17
5172296419,ru,https://t.me/b1coin_bot?start=5172296419,700,1,UQAIkRAvEJizG7jqPPPJ9933TrzZ2s_jGiiY09NPvxJOdb4Y,0,2
5178254174,,https://t.me/b1coin_bot?start=5178254174,50,0,...,0,0
5187709637,,https://t.me/b1coin_bot?start=5187709637,50,0,...,0,0
5195992669,ru,https://t.me/b1coin_bot?start=5195992669,200,1,...,0,0
5200415388,ru,https://t.me/b1coin_bot?start=5200415388,0,0,...,0,0
5206199340,ru,https://t.me/b1coin_bot?start=5206199340,0,0,...,0,0
5214510073,ru,https://t.me/b1coin_bot?start=5214510073,0,0,...,0,0
5235390985,ru,https://t.me/b1coin_bot?start=5235390985,0,0,...,0,0
5239149990,ru,https://t.me/b1coin_bot?start=5239149990,0,0,...,0,0
5243931040,ru,https://t.me/b1coin_bot?start=5243931040,1000,0,...,350,17
5258130497,ru,https://t.me/b1coin_bot?start=5258130497,400,1,...,0,1
5274802665,ru,https://t.me/b1coin_bot?start=5274802665,0,0,...,0,0
5295701979,ru,https://t.me/b1coin_bot?start=5295701979,0,0,...,0,0
5304978161,ru,https://t.me/b1coin_bot?start=5304978161,1750,0,...,350,13
5313427018,,https://t.me/b1coin_bot?start=5313427018,50,0,...,0,0
5316128766,ru,https://t.me/b1coin_bot?start=5316128766,2650,3,UQBeHOtmjKKYdlW9SRLjgkhgLY3CWP9baPYQ4TkYu7_VuS_t,350,17
5323781341,,https://t.me/b1coin_bot?start=5323781341,50,0,...,0,0
5324759539,ru,https://t.me/b1coin_bot?start=5324759539,0,0,...,0,0
5329936225,,https://t.me/b1coin_bot?start=5329936225,50,0,...,0,0
5356372914,,https://t.me/b1coin_bot?start=5356372914,50,0,...,0,0
5367477584,ru,https://t.me/b1coin_bot?start=5367477584,0,0,...,0,0
5378653650,,https://t.me/b1coin_bot?start=5378653650,50,0,...,0,0
5380024451,,https://t.me/b1coin_bot?start=5380024451,50,0,...,0,0
5431352036,ru,https://t.me/b1coin_bot?start=5431352036,0,0,...,0,0
5445555382,ru,https://t.me/b1coin_bot?start=5445555382,0,0,...,0,0
5474082948,ru,https://t.me/b1coin_bot?start=5474082948,200,0,...,0,1
5474511281,ru,https://t.me/b1coin_bot?start=5474511281,0,0,...,0,0
5492331924,ru,https://t.me/b1coin_bot?start=5492331924,850,1,UQDhKJDt_NYNyuw83O-9cypbeYuXRnqbHmVhygjCyBxLtu50,150,17
5502685503,ru,https://t.me/b1coin_bot?start=5502685503,0,0,...,0,0
5513808656,,https://t.me/b1coin_bot?start=5513808656,50,0,...,0,0
5555201468,ru,https://t.me/b1coin_bot?start=5555201468,0,0,...,0,0
5566384153,ru,https://t.me/b1coin_bot?start=5566384153,2150,0,...,250,13
5577592747,ru,https://t.me/b1coin_bot?start=5577592747,0,0,...,0,0
5581052811,ru,https://t.me/b1coin_bot?start=5581052811,2400,1,...,350,16
5588832277,ru,https://t.me/b1coin_bot?start=5588832277,0,0,...,0,0
5593698351,,https://t.me/b1coin_bot?start=5593698351,50,0,...,0,0
5607710736,,https://t.me/b1coin_bot?start=5607710736,50,0,...,0,0
5641665906,,https://t.me/b1coin_bot?start=5641665906,50,0,...,0,0
5675651523,,https://t.me/b1coin_bot?start=5675651523,50,0,...,0,0
5676919430,ru,https://t.me/b1coin_bot?start=5676919430,700,1,...,0,2
5680097082,ru,https://t.me/b1coin_bot?start=5680097082,200,1,...,0,0
5691551565,ru,https://t.me/b1coin_bot?start=5691551565,0,0,...,0,0
5696403772,,https://t.me/b1coin_bot?start=5696403772,50,0,...,0,0
5721760583,ru,https://t.me/b1coin_bot?start=5721760583,0,0,...,0,0
5726040264,ru,https://t.me/b1coin_bot?start=5726040264,200,1,...,0,0
5738587385,ru,https://t.me/b1coin_bot?start=5738587385,0,0,...,0,0
5773499490,ru,https://t.me/b1coin_bot?start=5773499490,200,0,...,0,1
5784871405,ru,https://t.me/b1coin_bot?start=5784871405,700,0,...,0,3
5827255090,ru,https://t.me/b1coin_bot?start=5827255090,400,2,...,0,0
5847417363,ru,https://t.me/b1coin_bot?start=5847417363,0,0,...,0,0
5860831242,ru,https://t.me/b1coin_bot?start=5860831242,0,0,...,0,0
5860846723,ru,https://t.me/b1coin_bot?start=5860846723,0,0,...,0,0
5862617307,ru,https://t.me/b1coin_bot?start=5862617307,2500,2,UQBa_x9B_L9mTUe8rKur_qIp2FmfjJeDl_-uU9hptDSJAP37,350,17
5871183035,ru,https://t.me/b1coin_bot?start=5871183035,0,0,...,0,0
5876207358,,https://t.me/b1coin_bot?start=5876207358,50,0,...,0,0
5877264734,ru,https://t.me/b1coin_bot?start=5877264734,4300,12,UQDzPXMPFVyJpRvfzPk3vBVYZxJ9nd8IoJ8sv3H19s7x0UrT,350,16
5886648908,ru,https://t.me/b1coin_bot?start=5886648908,1700,0,UQBrYhSG-9V3X2nct7PXYNWTx75JuwphwF1fOhJrsmEQIbj1,300,17
5888121373,ru,https://t.me/b1coin_bot?start=5888121373,0,0,...,0,0
5889688603,ru,https://t.me/b1coin_bot?start=5889688603,0,0,...,0,0
5894028556,,https://t.me/b1coin_bot?start=5894028556,50,0,...,0,0
5899979728,ru,https://t.me/b1coin_bot?start=5899979728,0,0,...,0,0
5941381514,ru,https://t.me/b1coin_bot?start=5941381514,0,0,UQBDg666klmctcdFrVMu14GOkahQOBDvfpcreqzob0rqAs7q,0,0
5942872537,ru,https://t.me/b1coin_bot?start=5942872537,0,0,...,0,0
5958698045,ru,https://t.me/b1coin_bot?start=5958698045,0,0,...,0,0
5969698442,,https://t.me/b1coin_bot?start=5969698442,50,0,...,0,0
5978620800,ru,https://t.me/b1coin_bot?start=5978620800,200,0,...,0,1
5982832301,ru,https://t.me/b1coin_bot?start=5982832301,0,0,...,0,0
5983143895,,https://t.me/b1coin_bot?start=5983143895,50,0,...,0,0
5991646196,ru,https://t.me/b1coin_bot?start=5991646196,0,0,...,0,0
6024034498,,https://t.me/b1coin_bot?start=6024034498,2500,0,...,150,16
6045808219,ru,https://t.me/b1coin_bot?start=6045808219,0,0,...,0,0
6061054191,,https://t.me/b1coin_bot?start=6061054191,50,0,...,0,0
6071604280,ru,https://t.me/b1coin_bot?start=6071604280,0,0,...,0,0
6093887179,ru,https://t.me/b1coin_bot?start=6093887179,0,0,...,0,0
6110274368,ru,https://t.me/b1coin_bot?start=6110274368,0,0,...,0,0
6110332577,,https://t.me/b1coin_bot?start=6110332577,50,0,...,0,0
6129587039,,https://t.me/b1coin_bot?start=6129587039,0,0,...,0,0
6195495616,ru,https://t.me/b1coin_bot?start=6195495616,0,0,...,0,0
6207341606,ru,https://t.me/b1coin_bot?start=6207341606,0,0,...,0,0
6232417402,ru,https://t.me/b1coin_bot?start=6232417402,2050,0,UQDiIpLswU3Ou0_e7IST-30s5uOrdqFdtJEQNk33ctPpzqy_,350,17
6237886681,ru,https://t.me/b1coin_bot?start=6237886681,0,0,...,0,0
6241417282,ru,https://t.me/b1coin_bot?start=6241417282,0,0,...,0,0
6292185703,ru,https://t.me/b1coin_bot?start=6292185703,0,0,...,0,0
6300927188,ru,https://t.me/b1coin_bot?start=6300927188,0,0,...,0,0
6305330530,,https://t.me/b1coin_bot?start=6305330530,50,0,...,0,0
6356378538,,https://t.me/b1coin_bot?start=6356378538,50,0,...,0,0
6370037507,ru,https://t.me/b1coin_bot?start=6370037507,200,0,...,0,1
6385711336,,https://t.me/b1coin_bot?start=6385711336,50,0,...,0,0
6397932420,,https://t.me/b1coin_bot?start=6397932420,50,0,...,0,0
6430318291,ru,https://t.me/b1coin_bot?start=6430318291,1950,1,UQA4_enf-t1Ips0F0BhmZvHR3ETmjgitWau1Roo7kerK9VCP,350,17
6436062918,,https://t.me/b1coin_bot?start=6436062918,50,0,...,0,0
6439718739,,https://t.me/b1coin_bot?start=6439718739,50,0,...,0,0
6484832511,ru,https://t.me/b1coin_bot?start=6484832511,0,0,...,0,0
6500335650,,https://t.me/b1coin_bot?start=6500335650,50,0,...,0,0
6527489387,ru,https://t.me/b1coin_bot?start=6527489387,200,1,...,0,0
6531753508,,https://t.me/b1coin_bot?start=6531753508,50,0,...,0,0
6533158594,ru,https://t.me/b1coin_bot?start=6533158594,0,0,...,0,0
6553105024,,https://t.me/b1coin_bot?start=6553105024,0,0,...,0,0
6558386095,,https://t.me/b1coin_bot?start=6558386095,50,0,...,0,0
6561943285,ru,https://t.me/b1coin_bot?start=6561943285,0,0,...,0,0
6563519431,ru,https://t.me/b1coin_bot?start=6563519431,500,0,...,0,2
6580097411,ru,https://t.me/b1coin_bot?start=6580097411,1200,6,...,0,0
6610126899,ru,https://t.me/b1coin_bot?start=6610126899,0,0,...,0,0
6624371698,,https://t.me/b1coin_bot?start=6624371698,50,0,...,0,0
6628005798,,https://t.me/b1coin_bot?start=6628005798,50,0,...,0,0
6671882367,,https://t.me/b1coin_bot?start=6671882367,50,0,...,0,0
6697798957,,https://t.me/b1coin_bot?start=6697798957,50,0,...,0,0
6698907037,ru,https://t.me/b1coin_bot?start=6698907037,0,0,...,0,0
6718902357,ru,https://t.me/b1coin_bot?start=6718902357,0,0,...,0,0
6721354004,,https://t.me/b1coin_bot?start=6721354004,50,0,...,0,0
6727873225,ru,https://t.me/b1coin_bot?start=6727873225,0,0,...,0,0
6729975245,,https://t.me/b1coin_bot?start=6729975245,50,0,...,0,0
6729990040,ru,https://t.me/b1coin_bot?start=6729990040,0,0,...,0,0
6742023130,,https://t.me/b1coin_bot?start=6742023130,50,0,...,0,0
6763480755,,https://t.me/b1coin_bot?start=6763480755,50,0,...,0,0
6764218132,ru,https://t.me/b1coin_bot?start=6764218132,0,0,...,0,0
6768563622,ru,https://t.me/b1coin_bot?start=6768563622,0,0,...,0,0
6777467699,ru,https://t.me/b1coin_bot?start=6777467699,0,0,...,0,0
6780756950,ru,https://t.me/b1coin_bot?start=6780756950,0,0,...,0,0
6789189870,ru,https://t.me/b1coin_bot?start=6789189870,0,0,...,0,0
6794138140,,https://t.me/b1coin_bot?start=6794138140,0,0,...,0,0
6801778716,ru,https://t.me/b1coin_bot?start=6801778716,0,0,...,0,0
6813020746,ru,https://t.me/b1coin_bot?start=6813020746,0,0,...,0,0
6822630083,ru,https://t.me/b1coin_bot?start=6822630083,0,0,...,0,0
6827549552,ru,https://t.me/b1coin_bot?start=6827549552,0,0,...,0,0
6828835900,ru,https://t.me/b1coin_bot?start=6828835900,0,0,...,0,0
6828989187,ru,https://t.me/b1coin_bot?start=6828989187,0,0,...,0,0
6852250139,,https://t.me/b1coin_bot?start=6852250139,50,0,...,0,0
6859283308,ru,https://t.me/b1coin_bot?start=6859283308,0,0,...,0,0
6870590259,ru,https://t.me/b1coin_bot?start=6870590259,1450,2,...,350,16
6876403214,,https://t.me/b1coin_bot?start=6876403214,50,0,...,0,0
6882468461,,https://t.me/b1coin_bot?start=6882468461,50,0,...,0,0
6887813118,ru,https://t.me/b1coin_bot?start=6887813118,0,0,...,0,0
6891991346,,https://t.me/b1coin_bot?start=6891991346,0,0,...,0,0
6896612580,ru,https://t.me/b1coin_bot?start=6896612580,0,0,...,0,0
6913831722,ru,https://t.me/b1coin_bot?start=6913831722,0,0,...,0,0
6920398722,ru,https://t.me/b1coin_bot?start=6920398722,0,0,...,0,0
6924205480,ru,https://t.me/b1coin_bot?start=6924205480,0,0,...,0,0
6926152282,ru,https://t.me/b1coin_bot?start=6926152282,0,0,...,0,0
6929884816,,https://t.me/b1coin_bot?start=6929884816,50,0,...,0,0
6930016274,ru,https://t.me/b1coin_bot?start=6930016274,0,0,...,0,0
6930305891,,https://t.me/b1coin_bot?start=6930305891,50,0,...,0,0
6930496923,ru,https://t.me/b1coin_bot?start=6930496923,0,0,...,0,0
6934395515,,https://t.me/b1coin_bot?start=6934395515,50,0,...,0,0
6953340831,ru,https://t.me/b1coin_bot?start=6953340831,1250,1,UQCvIqnKFl7SGfOYuQ2vDxpYH6QpYWe3-BRKH7hy_vJFyviz,200,14
6956540124,ru,https://t.me/b1coin_bot?start=6956540124,3000,4,...,350,17
6972250012,ru,https://t.me/b1coin_bot?start=6972250012,0,0,...,0,0
6983639400,ru,https://t.me/b1coin_bot?start=6983639400,0,0,...,0,0
6992646744,,https://t.me/b1coin_bot?start=6992646744,0,0,...,0,0
6992921900,ru,https://t.me/b1coin_bot?start=6992921900,400,2,...,0,0
6994055103,ru,https://t.me/b1coin_bot?start=6994055103,0,0,...,0,0
6995260771,ru,https://t.me/b1coin_bot?start=6995260771,0,0,...,0,0
6997427311,,https://t.me/b1coin_bot?start=6997427311,0,0,...,0,0
6999893879,,https://t.me/b1coin_bot?start=6999893879,0,0,...,0,0
7009632759,ru,https://t.me/b1coin_bot?start=7009632759,200,0,...,0,1
7012990273,,https://t.me/b1coin_bot?start=7012990273,0,0,...,0,0
7013077892,ru,https://t.me/b1coin_bot?start=7013077892,0,0,...,0,0
7015291034,,https://t.me/b1coin_bot?start=7015291034,0,0,...,0,0
7021165083,ru,https://t.me/b1coin_bot?start=7021165083,0,0,...,0,0
7026622938,ru,https://t.me/b1coin_bot?start=7026622938,0,0,...,0,0
7028838570,,https://t.me/b1coin_bot?start=7028838570,0,0,...,0,0
7042991024,,https://t.me/b1coin_bot?start=7042991024,50,0,...,0,0
7044307671,ru,https://t.me/b1coin_bot?start=7044307671,0,0,...,0,0
7044942518,,https://t.me/b1coin_bot?start=7044942518,50,0,...,0,0
7045024888,ru,https://t.me/b1coin_bot?start=7045024888,0,0,...,0,0
7045056767,ru,https://t.me/b1coin_bot?start=7045056767,0,0,...,0,0
7045210703,ru,https://t.me/b1coin_bot?start=7045210703,0,0,...,0,0
7047869933,ru,https://t.me/b1coin_bot?start=7047869933,200,0,...,0,1
7048975486,ru,https://t.me/b1coin_bot?start=7048975486,0,0,...,0,0
7065054414,,https://t.me/b1coin_bot?start=7065054414,0,0,...,0,0
7067386877,,https://t.me/b1coin_bot?start=7067386877,50,0,...,0,0
7069576464,ru,https://t.me/b1coin_bot?start=7069576464,0,0,...,0,0
7070668598,ru,https://t.me/b1coin_bot?start=7070668598,0,0,...,0,0
7071479842,ru,https://t.me/b1coin_bot?start=7071479842,0,0,...,0,0
7099767634,,https://t.me/b1coin_bot?start=7099767634,50,0,...,0,0
7119029017,ru,https://t.me/b1coin_bot?start=7119029017,0,0,...,0,0
7125205720,ru,https://t.me/b1coin_bot?start=7125205720,0,0,...,0,0
7125262102,ru,https://t.me/b1coin_bot?start=7125262102,0,0,...,0,0
7128494740,ru,https://t.me/b1coin_bot?start=7128494740,0,0,...,0,0
7141991474,,https://t.me/b1coin_bot?start=7141991474,0,0,...,0,0
7142886381,,https://t.me/b1coin_bot?start=7142886381,0,0,...,0,0
7144951454,ru,https://t.me/b1coin_bot?start=7144951454,0,0,...,0,0
7148744827,ru,https://t.me/b1coin_bot?start=7148744827,0,0,...,0,0
7150852858,,https://t.me/b1coin_bot?start=7150852858,50,0,...,0,0
7152034876,,https://t.me/b1coin_bot?start=7152034876,50,0,...,0,0
7157453397,ru,https://t.me/b1coin_bot?start=7157453397,0,0,...,0,0
7164377861,,https://t.me/b1coin_bot?start=7164377861,0,0,...,0,0
7172096212,,https://t.me/b1coin_bot?start=7172096212,0,0,...,0,0
7196380446,ru,https://t.me/b1coin_bot?start=7196380446,0,0,...,0,0
7206739821,ru,https://t.me/b1coin_bot?start=7206739821,0,0,...,0,0
7225902560,ru,https://t.me/b1coin_bot?start=7225902560,0,0,...,0,0
7230551445,,https://t.me/b1coin_bot?start=7230551445,50,0,...,0,0
7235928498,,https://t.me/b1coin_bot?start=7235928498,50,0,...,0,0
7240471134,,https://t.me/b1coin_bot?start=7240471134,0,0,...,0,0
7251837971,,https://t.me/b1coin_bot?start=7251837971,50,0,...,0,0
7253095851,,https://t.me/b1coin_bot?start=7253095851,50,0,...,0,0
7253366818,,https://t.me/b1coin_bot?start=7253366818,50,0,...,0,0
7268809703,ru,https://t.me/b1coin_bot?start=7268809703,0,0,...,0,0
7281489399,,https://t.me/b1coin_bot?start=7281489399,0,0,...,0,0
7298479826,,https://t.me/b1coin_bot?start=7298479826,0,0,...,0,0
7307534837,,https://t.me/b1coin_bot?start=7307534837,0,0,...,0,0
7320538519,ru,https://t.me/b1coin_bot?start=7320538519,0,0,...,0,0
7322245228,,https://t.me/b1coin_bot?start=7322245228,0,0,...,0,0
7323687912,ru,https://t.me/b1coin_bot?start=7323687912,0,0,...,0,0
7332212785,ru,https://t.me/b1coin_bot?start=7332212785,200,0,...,0,1
7354738275,,https://t.me/b1coin_bot?start=7354738275,0,0,...,0,0
7414408016,ru,https://t.me/b1coin_bot?start=7414408016,0,0,...,0,0
7425460422,ru,https://t.me/b1coin_bot?start=7425460422,0,0,...,0,0
7438732921,,https://t.me/b1coin_bot?start=7438732921,0,0,...,0,0
7471454357,ru,https://t.me/b1coin_bot?start=7471454357,0,0,...,0,0
7473154857,ru,https://t.me/b1coin_bot?start=7473154857,0,0,...,0,0
7476597485,,https://t.me/b1coin_bot?start=7476597485,0,0,...,0,0
7476886180,,https://t.me/b1coin_bot?start=7476886180,0,0,...,0,0
7479227578,ru,https://t.me/b1coin_bot?start=7479227578,0,0,...,0,0
7499358904,,https://t.me/b1coin_bot?start=7499358904,0,0,...,0,0
